model,condition,item_id,source,gold,rule,old_answer,new_answer,old_failure_type,new_failure_type,old_correct,new_correct,old_format_ok,new_format_ok,finish_reason,repetition_ratio
gpt_5_2,A_E0,gsm8k_90,gsm8k,60,R3,60%,60%,invalid_answer_format,correct,False,True,False,False,stop,0.0
gpt_5_2,A_EE,gsm8k_134,gsm8k,60,R3,60%,60%,invalid_answer_format,correct,False,True,False,False,stop,0.0
gpt_5_2,A_EE,gsm8k_27,gsm8k,25,R3,25%,25%,invalid_answer_format,correct,False,True,False,False,stop,0.0
gpt_5_2,A_EE,gsm8k_60,gsm8k,10,R3,10%,10%,invalid_answer_format,correct,False,True,False,False,stop,0.0
gpt_5_2,A_EE,gsm8k_90,gsm8k,60,R3,60%,60%,invalid_answer_format,correct,False,True,False,False,stop,0.031
gpt_5_2,A_EE,mmlu_logic_11,mmlu_formal_logic,D,R1,,D,repetition_degeneration,correct,False,True,False,True,stop,0.4
gpt_5_2,A_EE,mmlu_logic_114,mmlu_formal_logic,D,R1,,D,repetition_degeneration,correct,False,True,False,True,stop,0.363
gpt_5_2,A_EE,mmlu_logic_121,mmlu_formal_logic,B,R1,,B,repetition_degeneration,correct,False,True,False,True,stop,0.323
gpt_5_2,A_EE,mmlu_logic_14,mmlu_formal_logic,B,R1,,B,repetition_degeneration,correct,False,True,False,True,stop,0.399
gpt_5_2,A_EE,mmlu_logic_29,mmlu_formal_logic,A,R1,,A,repetition_degeneration,correct,False,True,False,True,stop,0.432
gpt_5_2,A_EE,mmlu_logic_30,mmlu_formal_logic,D,R1,,D,repetition_degeneration,correct,False,True,False,True,stop,0.42
gpt_5_2,A_EE,mmlu_logic_80,mmlu_formal_logic,C,R1,,C,repetition_degeneration,correct,False,True,False,True,stop,0.338
gpt_5_2,A_EE,mmlu_logic_82,mmlu_formal_logic,D,R1,,D,repetition_degeneration,correct,False,True,False,True,stop,0.356
gpt_5_2,A_EE,mmlu_logic_88,mmlu_formal_logic,A,R1,,A,repetition_degeneration,correct,False,True,False,True,stop,0.36
gpt_5_2,A_EI,gsm8k_124,gsm8k,20,R3,20%,20%,invalid_answer_format,correct,False,True,False,False,stop,0.0
gpt_5_2,A_EI,gsm8k_134,gsm8k,60,R3,60%,60%,invalid_answer_format,correct,False,True,False,False,stop,0.0
gpt_5_2,A_EI,gsm8k_264,gsm8k,40,R3,40%,40%,invalid_answer_format,correct,False,True,False,False,stop,0.0
gpt_5_2,A_EI,gsm8k_60,gsm8k,10,R3,10%,10%,invalid_answer_format,correct,False,True,False,False,stop,0.0
gpt_5_2,A_EI,gsm8k_90,gsm8k,60,R3,60%,60%,invalid_answer_format,correct,False,True,False,False,stop,0.047
gpt_5_2,A_EI,mmlu_logic_11,mmlu_formal_logic,D,R1,,D,repetition_degeneration,correct,False,True,False,True,stop,0.418
gpt_5_2,A_EI,mmlu_logic_114,mmlu_formal_logic,D,R1,,D,repetition_degeneration,correct,False,True,False,True,stop,0.356
gpt_5_2,A_EI,mmlu_logic_12,mmlu_formal_logic,D,R1,,D,repetition_degeneration,correct,False,True,False,True,stop,0.397
gpt_5_2,A_EI,mmlu_logic_121,mmlu_formal_logic,B,R1,,B,repetition_degeneration,correct,False,True,False,True,stop,0.32
gpt_5_2,A_EI,mmlu_logic_14,mmlu_formal_logic,B,R1,,B,repetition_degeneration,correct,False,True,False,True,stop,0.36
gpt_5_2,A_EI,mmlu_logic_29,mmlu_formal_logic,A,R1,,A,repetition_degeneration,correct,False,True,False,True,stop,0.405
gpt_5_2,A_EI,mmlu_logic_30,mmlu_formal_logic,D,R1,,D,repetition_degeneration,correct,False,True,False,True,stop,0.34
gpt_5_2,A_EI,mmlu_logic_80,mmlu_formal_logic,C,R1,,C,repetition_degeneration,correct,False,True,False,True,stop,0.318
gpt_5_2,A_EI,mmlu_logic_82,mmlu_formal_logic,D,R1,,D,repetition_degeneration,correct,False,True,False,True,stop,0.322
gpt_5_2,A_EI,mmlu_logic_88,mmlu_formal_logic,A,R1,,A,repetition_degeneration,correct,False,True,False,True,stop,0.334
gpt_5_2,A_I0,gsm8k_90,gsm8k,60,R3,60%,60%,invalid_answer_format,correct,False,True,False,False,stop,0.0
gpt_5_2,A_IE,gsm8k_134,gsm8k,60,R3,60%,60%,invalid_answer_format,correct,False,True,False,False,stop,0.0
gpt_5_2,A_IE,gsm8k_264,gsm8k,40,R3,40%,40%,invalid_answer_format,correct,False,True,False,False,stop,0.0
gpt_5_2,A_IE,gsm8k_60,gsm8k,10,R3,10%,10%,invalid_answer_format,correct,False,True,False,False,stop,0.0
gpt_5_2,A_IE,gsm8k_90,gsm8k,60,R3,60%,60%,invalid_answer_format,correct,False,True,False,False,stop,0.015
gpt_5_2,A_IE,mmlu_logic_11,mmlu_formal_logic,D,R1,,D,repetition_degeneration,correct,False,True,False,True,stop,0.451
gpt_5_2,A_IE,mmlu_logic_114,mmlu_formal_logic,D,R1,,D,repetition_degeneration,correct,False,True,False,True,stop,0.338
gpt_5_2,A_IE,mmlu_logic_12,mmlu_formal_logic,D,R1,,D,repetition_degeneration,correct,False,True,False,True,stop,0.413
gpt_5_2,A_IE,mmlu_logic_121,mmlu_formal_logic,B,R1,,B,repetition_degeneration,correct,False,True,False,True,stop,0.351
gpt_5_2,A_IE,mmlu_logic_14,mmlu_formal_logic,B,R1,,B,repetition_degeneration,correct,False,True,False,True,stop,0.4
gpt_5_2,A_IE,mmlu_logic_29,mmlu_formal_logic,A,R1,,A,repetition_degeneration,correct,False,True,False,True,stop,0.454
gpt_5_2,A_IE,mmlu_logic_30,mmlu_formal_logic,D,R1,,D,repetition_degeneration,correct,False,True,False,True,stop,0.366
gpt_5_2,A_IE,mmlu_logic_80,mmlu_formal_logic,C,R1,,C,repetition_degeneration,correct,False,True,False,True,stop,0.302
gpt_5_2,A_IE,mmlu_logic_82,mmlu_formal_logic,D,R1,,D,repetition_degeneration,correct,False,True,False,True,stop,0.37
gpt_5_2,A_IE,mmlu_logic_88,mmlu_formal_logic,A,R1,,A,repetition_degeneration,correct,False,True,False,True,stop,0.422
gpt_5_2,A_II,gsm8k_124,gsm8k,20,R3,20%,20%,invalid_answer_format,correct,False,True,False,False,stop,0.0
gpt_5_2,A_II,gsm8k_134,gsm8k,60,R3,60%,60%,invalid_answer_format,correct,False,True,False,False,stop,0.0
gpt_5_2,A_II,gsm8k_264,gsm8k,40,R3,40%,40%,invalid_answer_format,correct,False,True,False,False,stop,0.0
gpt_5_2,A_II,gsm8k_27,gsm8k,25,R3,16.67%,16.67%,invalid_answer_format,substantively_incorrect,False,False,False,False,stop,0.026
gpt_5_2,A_II,gsm8k_60,gsm8k,10,R3,10%,10%,invalid_answer_format,correct,False,True,False,False,stop,0.0
gpt_5_2,A_II,gsm8k_90,gsm8k,60,R3,60%,60%,invalid_answer_format,correct,False,True,False,False,stop,0.067
gpt_5_2,A_II,mmlu_logic_105,mmlu_formal_logic,B,R1,,B,repetition_degeneration,correct,False,True,False,True,stop,0.33
gpt_5_2,A_II,mmlu_logic_11,mmlu_formal_logic,D,R1,,D,repetition_degeneration,correct,False,True,False,True,stop,0.406
gpt_5_2,A_II,mmlu_logic_114,mmlu_formal_logic,D,R1,,D,repetition_degeneration,correct,False,True,False,True,stop,0.304
gpt_5_2,A_II,mmlu_logic_12,mmlu_formal_logic,D,R1,,D,repetition_degeneration,correct,False,True,False,True,stop,0.386
gpt_5_2,A_II,mmlu_logic_121,mmlu_formal_logic,B,R1,,B,repetition_degeneration,correct,False,True,False,True,stop,0.332
gpt_5_2,A_II,mmlu_logic_14,mmlu_formal_logic,B,R1,,B,repetition_degeneration,correct,False,True,False,True,stop,0.354
gpt_5_2,A_II,mmlu_logic_29,mmlu_formal_logic,A,R1,,A,repetition_degeneration,correct,False,True,False,True,stop,0.463
gpt_5_2,A_II,mmlu_logic_80,mmlu_formal_logic,C,R1,,C,repetition_degeneration,correct,False,True,False,True,stop,0.368
gpt_5_2,A_II,mmlu_logic_82,mmlu_formal_logic,D,R1,,D,repetition_degeneration,correct,False,True,False,True,stop,0.338
gpt_5_2,A_II,mmlu_logic_88,mmlu_formal_logic,A,R1,,A,repetition_degeneration,correct,False,True,False,True,stop,0.41
qwen_3_6_27b,A_EE,gsm8k_27,gsm8k,25,R3,25%,25%,invalid_answer_format,correct,False,True,False,False,stop,0.051
qwen_3_6_27b,A_EE,mmlu_logic_105,mmlu_formal_logic,B,R1,,C,repetition_degeneration,substantively_incorrect,False,False,False,True,stop,0.36
qwen_3_6_27b,A_EI,bbh_causal_270,bbh_causal_judgement,YES,R1,,Wen,repetition_degeneration,correct,False,True,False,False,stop,0.372
qwen_3_6_27b,A_EI,bbh_logic_102,bbh_logical_deduction,A,R1,,A,repetition_degeneration,correct,False,True,False,True,stop,0.353
qwen_3_6_27b,A_EI,bbh_logic_105,bbh_logical_deduction,A,R1,,A,repetition_degeneration,correct,False,True,False,True,stop,0.308
qwen_3_6_27b,A_EI,bbh_logic_136,bbh_logical_deduction,B,R1,,C,repetition_degeneration,substantively_incorrect,False,False,False,True,stop,0.313
qwen_3_6_27b,A_EI,bbh_logic_170,bbh_logical_deduction,A,R1,,D,repetition_degeneration,substantively_incorrect,False,False,False,True,stop,0.337
qwen_3_6_27b,A_EI,bbh_logic_33,bbh_logical_deduction,E,R1,,E,repetition_degeneration,correct,False,True,False,True,stop,0.378
qwen_3_6_27b,A_EI,gsm8k_16,gsm8k,17,R1,,17,repetition_degeneration,correct,False,True,False,True,stop,0.319
qwen_3_6_27b,A_EI,gsm8k_167,gsm8k,3000,R1,,1000,repetition_degeneration,substantively_incorrect,False,False,False,True,stop,0.542
qwen_3_6_27b,A_EI,gsm8k_27,gsm8k,25,R3,38.89%,38.89%,invalid_answer_format,substantively_incorrect,False,False,False,False,stop,0.199
qwen_3_6_27b,A_EI,gsm8k_358,gsm8k,10,R1,,10,repetition_degeneration,correct,False,True,False,True,stop,0.303
qwen_3_6_27b,A_EI,gsm8k_385,gsm8k,348,R1,,207,repetition_degeneration,substantively_incorrect,False,False,False,True,stop,0.306
qwen_3_6_27b,A_EI,mmlu_logic_11,mmlu_formal_logic,D,R1,,D,repetition_degeneration,correct,False,True,False,True,stop,0.386
qwen_3_6_27b,A_EI,mmlu_logic_12,mmlu_formal_logic,D,R1,,D,repetition_degeneration,correct,False,True,False,True,stop,0.316
qwen_3_6_27b,A_EI,mmlu_logic_30,mmlu_formal_logic,D,R1,,D,repetition_degeneration,correct,False,True,False,True,stop,0.4
qwen_3_6_27b,A_EI,mmlu_logic_33,mmlu_formal_logic,A,R1,,A,repetition_degeneration,correct,False,True,False,True,stop,0.329
qwen_3_6_27b,A_EI,mmlu_logic_5,mmlu_formal_logic,B,R1,,B,repetition_degeneration,correct,False,True,False,True,stop,0.365
qwen_3_6_27b,A_EI,mmlu_physics_211,mmlu_conceptual_physics,B,R1,,D,repetition_degeneration,substantively_incorrect,False,False,False,True,stop,0.404
qwen_3_6_27b,A_IE,gsm8k_83,gsm8k,312,R2,,156,refusal,substantively_incorrect,False,False,False,True,stop,0.042
qwen_3_6_27b,A_IE,mmlu_physics_250,mmlu_conceptual_physics,D,R2,,D,refusal,correct,False,True,False,True,stop,0.033
qwen_3_6_27b,A_IE,mmlu_physics_285,mmlu_conceptual_physics,B,R2,,,refusal,truncation,False,False,False,False,length,0.048
qwen_3_6_27b,A_II,bbh_causal_291,bbh_causal_judgement,YES,R1,,Wen,repetition_degeneration,correct,False,True,False,False,stop,0.415
qwen_3_6_27b,A_II,bbh_causal_298,bbh_causal_judgement,NO,R1,,Wen,repetition_degeneration,substantively_incorrect,False,False,False,False,stop,0.313
qwen_3_6_27b,A_II,bbh_logic_18,bbh_logical_deduction,D,R1,,D,repetition_degeneration,correct,False,True,False,True,stop,0.313
qwen_3_6_27b,A_II,bbh_logic_80,bbh_logical_deduction,D,R1,,D,repetition_degeneration,correct,False,True,False,True,stop,0.302
qwen_3_6_27b,A_II,mmlu_logic_105,mmlu_formal_logic,B,R1,,C,repetition_degeneration,substantively_incorrect,False,False,False,True,stop,0.348
qwen_3_6_27b,A_II,mmlu_logic_12,mmlu_formal_logic,D,R1,,D,repetition_degeneration,correct,False,True,False,True,stop,0.308
qwen_3_6_27b,A_II,mmlu_physics_209,mmlu_conceptual_physics,B,R1,,B,repetition_degeneration,correct,False,True,False,True,stop,0.335
qwen_3_6_27b,A_II,mmlu_physics_222,mmlu_conceptual_physics,C,R1,,C,repetition_degeneration,correct,False,True,False,True,stop,0.429
qwen_sealion_v4_5_27b_it,A_EE,mmlu_logic_105,mmlu_formal_logic,B,R1,,C,repetition_degeneration,substantively_incorrect,False,False,False,True,stop,0.316
qwen_sealion_v4_5_27b_it,A_EI,bbh_causal_269,bbh_causal_judgement,YES,R1,,Saan,repetition_degeneration,substantively_incorrect,False,False,False,False,stop,0.463
qwen_sealion_v4_5_27b_it,A_EI,bbh_logic_5,bbh_logical_deduction,B,R1,,B,repetition_degeneration,correct,False,True,False,True,stop,0.302
qwen_sealion_v4_5_27b_it,A_EI,gsm8k_114,gsm8k,10,R1,,3,repetition_degeneration,substantively_incorrect,False,False,False,True,stop,0.354
qwen_sealion_v4_5_27b_it,A_EI,gsm8k_270,gsm8k,22,R1,,22,repetition_degeneration,correct,False,True,False,True,stop,0.455
qwen_sealion_v4_5_27b_it,A_EI,gsm8k_97,gsm8k,291,R1,,7,repetition_degeneration,substantively_incorrect,False,False,False,True,stop,0.591
qwen_sealion_v4_5_27b_it,A_EI,mmlu_physics_201,mmlu_conceptual_physics,A,R1,,C,repetition_degeneration,substantively_incorrect,False,False,False,True,stop,0.365
qwen_sealion_v4_5_27b_it,A_IE,gsm8k_215,gsm8k,27,R2,,19.64,refusal,substantively_incorrect,False,False,False,True,stop,0.063
qwen_sealion_v4_5_27b_it,A_IE,gsm8k_278,gsm8k,75,R2,,,refusal,truncation,False,False,False,False,length,0.11
qwen_sealion_v4_5_27b_it,A_IE,gsm8k_87,gsm8k,"43,500",R2,,43500,refusal,correct,False,True,False,True,stop,0.062
qwen_sealion_v4_5_27b_it,A_II,bbh_causal_298,bbh_causal_judgement,NO,R1,,Wen,repetition_degeneration,substantively_incorrect,False,False,False,False,stop,0.433
qwen_sealion_v4_5_27b_it,A_II,bbh_logic_42,bbh_logical_deduction,D,R2,,,refusal,truncation,False,False,False,False,length,0.076
qwen_sealion_v4_5_27b_it,A_II,gsm8k_158,gsm8k,40,R1,,0,repetition_degeneration,substantively_incorrect,False,False,False,True,stop,0.317
qwen_sealion_v4_5_27b_it,A_II,gsm8k_336,gsm8k,18,R1,,0,repetition_degeneration,substantively_incorrect,False,False,False,True,stop,0.313
qwen_sealion_v4_5_27b_it,A_II,gsm8k_72,gsm8k,410,R1,,410,repetition_degeneration,correct,False,True,False,True,stop,0.3
qwen_sealion_v4_5_27b_it,A_II,mmlu_logic_12,mmlu_formal_logic,D,R1,,D,repetition_degeneration,correct,False,True,False,True,stop,0.319
qwen_sealion_v4_5_27b_it,A_II,mmlu_logic_2,mmlu_formal_logic,A,R1,,D,repetition_degeneration,substantively_incorrect,False,False,False,True,stop,0.445
